{"c":"旭","r":68.57142857142857,"tc":"旭","sc":"旭","w":1024,"h":1024,"stroke":[{"d":"M263,386 Q265.5,349 266.75,328 Q268,307 269.25,279.75 Q270.5,252.5 270.5,235.5 Q270,215 268.75,201.5 Q267.5,188 265,173.5 Q262.5,159 259,150 L252,135.5 Q247,125.5 249.75,120.75 Q252.5,116 262.5,114.5 Q269.5,114 285.5,118.75 Q301.5,123.5 312.5,128.75 Q323.5,134 333.5,143.75 Q343.5,153.5 343.5,162 Q343,166 337.75,177.75 Q332.5,189.5 331,200 Q329.5,210.5 327,237 L323,275.5 L320,342.5 L318.5,372 L315.5,406.5 Q308,449 301.5,482.25 Q295,515.5 280.75,568.5 Q266.5,621.5 241,677.25 Q215.5,733 186.5,772.25 Q157.5,811.5 130.75,832.5 Q104,853.5 75,871 L62,879 Q54.5,883.5 52,878.75 Q49.5,874 53.5,869.5 L63.5,859.5 Q82,841 108,809 Q134,777 158,738.25 Q182,699.5 202.5,645.25 Q223,591 236,544 Q249,497 251.5,477.5 L259.5,422.5 L263,386","rs":{"0":77.14285714285714,"2":54.285714285714285,"3":40},"t":"M299,128.5 L283,445 L200.5,714 L56.5,876.5"},{"d":"M318.5,372 Q339.5,367.5 362,362.5 Q384.5,357.5 403.5,349.5 L426.5,339.5 Q435,336.5 440.5,336 Q446,336 452.75,338.75 Q459.5,341.5 473.5,351.75 Q487.5,362 494.75,371.5 Q502,381 499,391.5 Q497.5,395 490.25,403.75 Q483,412.5 474.25,428.25 Q465.5,444 458,464.75 Q450.5,485.5 441.5,529.75 Q432.5,574 429,602.5 Q425.5,631 426.5,662.5 Q428,725.5 453,765.25 Q478,805 538.5,825 Q599,845 668,844.5 Q723.5,844.5 771.5,834.25 Q819.5,824 846.75,806.5 Q874,789 887.5,764.75 Q901,740.5 909.5,713.25 Q918,686 920.5,671 L923,656 Q923.5,650.5 929.75,650 Q936,649.5 937,657 L938.5,675 L941.5,718 Q943,737 948,760 Q953,783 963,798.25 Q973,813.5 972.5,818.5 Q971.5,822 966,830.75 Q960.5,839.5 943,851.75 Q925.5,864 888.75,879.75 Q852,895.5 791.25,905.25 Q730.5,915 643.5,909.5 Q532.5,903.5 481.25,871.25 Q430,839 405.25,791.5 Q380.5,744 379.5,680.75 Q378.5,617.5 387.5,562.5 L404.5,459.5 Q407,432 411.75,416.5 Q416.5,401 413,397.75 Q409.5,394.5 401.5,394 Q396.5,394 387.5,395.5 L351.5,400.5 L315.5,406.5 L259.5,422.5 L175.5,441.5 L154,448.5 Q142.5,452.5 133,452.5 Q114,453.5 97,445 Q80,436.5 74,427.25 Q68,418 69,414.25 Q70,410.5 81.5,409.5 L105,408 Q116,407.5 163.5,400.75 Q211,394 227.25,391.5 Q243.5,389 244,388.5 L263,386 L318.5,372","rs":{"0":57.14285714285714,"1":51.42857142857142,"2":54.285714285714285,"3":82.85714285714285,"4":54.285714285714285,"5":54.285714285714285,"6":60,"7":62.857142857142854,"8":68.57142857142857,"9":51.42857142857142},"t":"M94.5,439 L356.5,369 L429.5,353 L491,385 L432.5,465.5 L401.5,675 L450,822.5 L678.5,883 L923.5,839.5 L931,656.5"},{"d":"M586.5,642 L582.5,668 Q580.5,680 573.75,680.5 Q567,681 561.5,675.5 Q557,671.5 550.75,661.75 Q544.5,652 542,646.25 Q539.5,640.5 537,630.5 Q534.5,620.5 535.5,609.5 Q535.5,604 541.25,581.25 Q547,558.5 550.75,511.5 Q554.5,464.5 554.25,421.25 Q554,378 554.5,360 Q555,342 553,330 Q550,314 543,305 L532.5,292.5 Q529.5,287 531.25,282.5 Q533,278 547.5,277.5 Q563,277.5 578,283 L589,287 Q602.75,289.75 599.5,313.5 Q600,323 600.5,327.5 L599.5,359.5 L599,446 L596.5,472 L588,605.5 L586.5,642","rs":{"0":62.857142857142854,"1":60},"t":"M568.5,285.5 L572,674.5"},{"d":"M589,287 Q623.5,281.5 638,278.75 Q652.5,276 678.75,270.25 Q705,264.5 718,261.25 Q731,258 744.5,252.5 Q758,247 763.5,246.5 Q772,246.5 787,255 L805,266 Q823.5,277.5 829.75,285.5 Q836,293.5 835.5,299.5 Q835,301.5 832,310 Q829,318.5 827.5,323.25 Q826,328 825.25,337.75 Q824.5,347.5 824.5,361 L823,451.5 Q822,494.5 827.5,541.25 Q833,588 833,601.5 Q832.5,635 820.75,658.75 Q809,682.5 794,690.5 Q779,698.5 774.5,697.5 Q768,696.5 762,685 L748,647.5 L738,629.5 Q701.75,572.5 763.5,594.5 Q766,581 767.5,574 L770,484.5 L771.5,445 L772,438 L770,329 Q769.5,320.5 768,312.75 Q766.5,305 759.25,298.75 Q752,292.5 728.5,294 Q705.5,296 688,297.75 Q670.5,299.5 654,303.25 Q637.5,307 625,311.5 Q612.5,316 610,315 L599.5,313.5 L589,287","rs":{"0":37.14285714285714,"1":51.42857142857142,"2":51.42857142857142,"3":51.42857142857142,"4":65.71428571428571,"5":57.14285714285714,"6":40},"t":"M595,293.5 L761.5,256.5 L813,286.5 L814,365.5 L811,539 L805.5,675 L731.5,595.5"},{"d":"M771.5,445 Q763,450 757.75,452 Q752.5,454 734,456.5 L666,470.5 Q645.5,475 629.75,476 Q614,477 611.5,476 L596.5,472 L599,446 Q633.5,439.5 662.5,431.25 Q691.5,423 699.25,421.5 Q707,420 717,420.5 Q732.5,422 746.5,427.5 L772,438 L771.5,445","rs":{"0":48.57142857142857,"1":51.42857142857142},"t":"M603.5,458.5 L767,443"},{"d":"M738,629.5 Q679.5,635.5 669,636 L586.5,642 L588,605.5 L689.5,592 L727.5,585.5 L763.5,594.5 L738,629.5","rs":{"0":45.71428571428571,"1":54.285714285714285},"t":"M592.5,623 L746.5,607.5"}]}